feature,mean_abs_shap
asset_efficiency,8.392490926308117
total_assets,5.137956444005769
profit_margin,5.05878637192521
revenue_growth,4.958974593923707
operating_margin,4.622718662593927
net_income,4.15407123848845
operating_income,3.4449939384155366
ticker_GOOGL,2.7482758389042043
revenue,2.6659439302232877
debt_to_asset,2.4870874019094513
net_income_growth,2.1006485863818303
total_liabilities,1.9107904182583535
operating_cashflow,1.8847235326024185
ticker_AMZN,1.3750580953063969
