feature,mean_abs_shap
asset_efficiency,8.412362136382553
total_assets,5.186643638956097
profit_margin,5.1699021087227335
revenue_growth,5.043706589112433
operating_margin,4.530926572579831
net_income,4.162727072599508
operating_income,3.4569876595902564
revenue,2.7984410353444864
ticker_GOOGL,2.6711606358436453
debt_to_asset,2.60987244909039
net_income_growth,2.32838807514147
total_liabilities,2.1108688705927645
operating_cashflow,1.9787474100264424
ticker_AMZN,1.4932238773066202
