feature,mean_abs_shap
asset_efficiency,8.212420991738435
revenue_growth,5.2016931553668515
total_assets,5.088635478306581
profit_margin,5.031322269784428
operating_margin,4.676809499078797
net_income,3.9847530119612298
operating_income,3.517881688919252
revenue,2.7303463158421195
ticker_GOOGL,2.7046811552687955
debt_to_asset,2.49637434098276
net_income_growth,2.3105772339321122
operating_cashflow,2.0043518211336737
total_liabilities,1.9801643227151007
ticker_AMZN,1.5022461220404373
