feature,mean_abs_shap
operating_income,0.9998301041162927
revenue,0.9996414206024314
total_liabilities,0.9995166958016705
total_assets,0.9990432275005288
operating_margin,0.9974261147764704
operating_cashflow,0.9965669253956068
profit_margin,0.9916889283437004
asset_efficiency,0.9844591815299866
