mae,rmse,r2,residual_mean,residual_std,residual_min,residual_max,test_size
7.218152070048622,8.779651219687464,-0.5642132052073832,-6.770711724370973,5.589252032680672,-19.31596418412729,2.5795534667452964,20
