mae,rmse,r2,residual_mean,residual_std,residual_min,residual_max,test_size
105.2098108026453,171.22961676811917,-0.12104785558136766,69.35173893543256,156.55643699697742,-240.3310085812136,431.31295810414406,48
