mae,rmse,r2,residual_mean,residual_std,residual_min,residual_max,test_size
106.40387700839601,165.1827951303572,-0.09574863832049973,75.67547930809744,146.82839520531195,-192.40379624752634,327.30319152158546,14
