cv_mae_mean,cv_mae_std,cv_rmse_mean,cv_rmse_std,cv_r2_mean,cv_r2_std
147.20078495375878,73.37432736101113,244.39691653866765,130.73863124103983,-0.13910245942829222,0.1286583436873926
