cv_mae_mean,cv_mae_std,cv_rmse_mean,cv_rmse_std,cv_r2_mean,cv_r2_std
164.8253659246542,86.84649069186452,334.9446446542501,238.8379150956835,-0.14971048867474743,0.08352353058144904
