mae,rmse,r2,residual_mean,residual_std,residual_min,residual_max,test_size
2.4182849056910207,2.4182849056910207,,2.4182849056910207,0.0,2.4182849056910207,2.4182849056910207,1
